<?xml version="1.0" encoding="UTF-8"?>
<!DOCTYPE sqlMap PUBLIC "-//BIATIS.com//DTD SQL Map 2.0//EN" "http://www.ibatis.com/dtd/sql-map-2.dtd">

<sqlMap namespace="Unlock">

	<typeAlias alias="unlockVO" type="com.server.moneyball.unlock.UnlockVO" />

	<resultMap id="userIdMap" class="unlockVO">
		<result property="userNum" column="USER_NUM" />
		<result property="id" column="ID" />
		<result property="preSubtractmoney" column="MONEY" />
		<result property="score" column="SCORE" />
	</resultMap>

	<select id="selectUserMoney" resultMap="userIdMap" resultClass="unlockVO">
	select a.USER_NUM, a.ID, a.MONEY, IF(#unlockNum#=3, b.PREDICT_SCORE_3, IF(#unlockNum#=4, b.PREDICT_SCORE_4,b.PREDICT_SCORE_5)) as SCORE
		from moneyball.USER_TB a, moneyball.MATCH_TB b
		where a.USER_NUM = #userNum#
		and b.MATCH_ID=#matchNum#
		 
	</select>
	

	<update id="subtractMoneyBall">
		update moneyball.USER_TB set money = #userMoney# where user_num = #userNum#
	</update>
	
	<update id="unlockTB" parameterClass="com.server.moneyball.unlock.UnlockReq">
		update moneyball.UNLOCK_TB 
		set UNLOCK3 = IF(#unlockNum#=3,1,UNLOCK3),
		 UNLOCK4 = IF(#unlockNum#=4,1,UNLOCK4),
		 UNLOCK5 = IF(#unlockNum#=5,1,UNLOCK5)
		where user_num = #userNum# and match_id = #matchNum#
	</update>
<!--	
	<delete id="delete" parameterClass="com.scg.h00.customerservice.SuggestRequest">
		delete from H11.SCS_SGS
	    where SGS_SEQNO = #seqNo#		
	</delete> -->

</sqlMap>