<?xml version="1.0" encoding="UTF-8"?>

<beans xmlns="http://www.springframework.org/schema/beans"
	xmlns:xsi="http://www.w3.org/2001/XMLSchema-instance"
	xsi:schemaLocation="http://www.springframework.org/schema/beans   
       http://www.springframework.org/schema/beans/spring-beans.xsd">

	<bean class="com.server.moneyball.controller.UserController">
	<property name="userService" ref="userService"/>
	</bean>
	
	<bean class="com.server.moneyball.controller.UnLockController">
	<property name="unlockService" ref="unlockService"/>
	</bean>
	
	<bean class="com.server.moneyball.controller.MatchController">
	<property name="selectMatchListDao" ref="selectMatchListDao"/>
	</bean>
	
	<bean class="com.server.moneyball.controller.BettingController">
	<property name="bettingService" ref="bettingService"/>
	</bean>
</beans>