<?xml version="1.0" encoding="UTF-8"?>

<beans xmlns="http://www.springframework.org/schema/beans"
	xmlns:xsi="http://www.w3.org/2001/XMLSchema-instance"
	xsi:schemaLocation="http://www.springframework.org/schema/beans   
       http://www.springframework.org/schema/beans/spring-beans.xsd">
       
  	<bean id="userLoginDao" class="com.server.moneyball.user.IbatisUserLoginDao">
		<property name="sqlMapClientTemplate" ref="sqlMapClientTemplate" />
	</bean>
	
  	<bean id="userSignUpDao" class="com.server.moneyball.user.IbatisUserSignUpDao">
		<property name="sqlMapClientTemplate" ref="sqlMapClientTemplate" />
	</bean>
	
  	<bean id="userModifyDao" class="com.server.moneyball.user.IbatisUserModifyDao">
		<property name="sqlMapClientTemplate" ref="sqlMapClientTemplate" />
	</bean>
 
  	<bean id="selectMatchListDao" class="com.server.moneyball.scoreprediction.IbatisSelectMatchListDao">
		<property name="sqlMapClientTemplate" ref="sqlMapClientTemplate" />
	</bean>
 
  	<bean id="unlockDao" class="com.server.moneyball.unlock.IbatisUnlockDao">
		<property name="sqlMapClientTemplate" ref="sqlMapClientTemplate" />
	</bean>
	
  	<bean id="saveUserBettingDao" class="com.server.moneyball.betting.IbatisSaveUserBettingDao">
		<property name="sqlMapClientTemplate" ref="sqlMapClientTemplate" />
	</bean>
 
</beans>

